n,mean_raw,mean_pct,mean_mc,mean_fr,sd_raw,min_raw,p10_raw,p25_raw,med_raw,p75_raw,p90_raw,max_raw,n_max
231,84.20779220779221,75.18398268398268,14.632034632034632,25.67965367965368,14.791011661614831,40,64,76,86,96,100,112,1
