n,mean,sd,min,p10,p25,median,p75,p90,max,max_at_raw_max
231,83.97402597402598,8.54079829174018,58.5,72.3,79.2,85,90.8,93.1,100,100
